[
    {
        "model": "m7_python.comuna",
        "pk": 1,
        "fields": {
            "comuna": "Arica"
        }
    },
    {
        "model": "m7_python.comuna",
        "pk": 2,
        "fields": {
            "comuna": "Camarones"
        }
    },
    {
        "model": "m7_python.comuna",
        "pk": 3,
        "fields": {
            "comuna": "Putre"
        }
    },
    {
        "model": "m7_python.comuna",
        "pk": 4,
        "fields": {
            "comuna": "General Lagos"
        }
    },
    {
        "model": "m7_python.comuna",
        "pk": 5,
        "fields": {
            "comuna": "Iquique"
        }
    },
    {
        "model": "m7_python.comuna",
        "pk": 6,
        "fields": {
            "comuna": "Alto Hospicio"
        }
    },
    {
        "model": "m7_python.comuna",
        "pk": 7,
        "fields": {
            "comuna": "Pozo Almonte"
        }
    },
    {
        "model": "m7_python.comuna",
        "pk": 8,
        "fields": {
            "comuna": "Camiña"
        }
    },
    {
        "model": "m7_python.comuna",
        "pk": 9,
        "fields": {
            "comuna": "Colchane"
        }
    },
    {
        "model": "m7_python.comuna",
        "pk": 10,
        "fields": {
            "comuna": "Huara"
        }
    },
    {
        "model": "m7_python.comuna",
        "pk": 11,
        "fields": {
            "comuna": "Pica"
        }
    },
    {
        "model": "m7_python.comuna",
        "pk": 12,
        "fields": {
            "comuna": "Antofagasta"
        }
    },
    {
        "model": "m7_python.comuna",
        "pk": 13,
        "fields": {
            "comuna": "Mejillones"
        }
    },
    {
        "model": "m7_python.comuna",
        "pk": 14,
        "fields": {
            "comuna": "Sierra Gorda"
        }
    },
    {
        "model": "m7_python.comuna",
        "pk": 15,
        "fields": {
            "comuna": "Taltal"
        }
    },
    {
        "model": "m7_python.comuna",
        "pk": 16,
        "fields": {
            "comuna": "Calama"
        }
    },
    {
        "model": "m7_python.comuna",
        "pk": 17,
        "fields": {
            "comuna": "Ollagüe"
        }
    },
    {
        "model": "m7_python.comuna",
        "pk": 18,
        "fields": {
            "comuna": "San Pedro de Atacama"
        }
    },
    {
        "model": "m7_python.comuna",
        "pk": 19,
        "fields": {
            "comuna": "Tocopilla"
        }
    },
    {
        "model": "m7_python.comuna",
        "pk": 20,
        "fields": {
            "comuna": "María Elena"
        }
    },
    {
        "model": "m7_python.comuna",
        "pk": 21,
        "fields": {
            "comuna": "Copiapó"
        }
    },
    {
        "model": "m7_python.comuna",
        "pk": 22,
        "fields": {
            "comuna": "Caldera"
        }
    },
    {
        "model": "m7_python.comuna",
        "pk": 23,
        "fields": {
            "comuna": "Tierra Amarilla"
        }
    },
    {
        "model": "m7_python.comuna",
        "pk": 24,
        "fields": {
            "comuna": "Chañaral"
        }
    },
    {
        "model": "m7_python.comuna",
        "pk": 25,
        "fields": {
            "comuna": "Diego de Almagro"
        }
    },
    {
        "model": "m7_python.comuna",
        "pk": 26,
        "fields": {
            "comuna": "Vallenar"
        }
    },
    {
        "model": "m7_python.comuna",
        "pk": 27,
        "fields": {
            "comuna": "Alto del Carmen"
        }
    },
    {
        "model": "m7_python.comuna",
        "pk": 28,
        "fields": {
            "comuna": "Freirina"
        }
    },
    {
        "model": "m7_python.comuna",
        "pk": 29,
        "fields": {
            "comuna": "Huasco"
        }
    },
    {
        "model": "m7_python.comuna",
        "pk": 30,
        "fields": {
            "comuna": "La Serena"
        }
    },
    {
        "model": "m7_python.comuna",
        "pk": 31,
        "fields": {
            "comuna": "Coquimbo"
        }
    },
    {
        "model": "m7_python.comuna",
        "pk": 32,
        "fields": {
            "comuna": "Andacollo"
        }
    },
    {
        "model": "m7_python.comuna",
        "pk": 33,
        "fields": {
            "comuna": "La Higuera"
        }
    },
    {
        "model": "m7_python.comuna",
        "pk": 34,
        "fields": {
            "comuna": "Paiguano"
        }
    },
    {
        "model": "m7_python.comuna",
        "pk": 35,
        "fields": {
            "comuna": "Vicuña"
        }
    },
    {
        "model": "m7_python.comuna",
        "pk": 36,
        "fields": {
            "comuna": "Illapel"
        }
    },
    {
        "model": "m7_python.comuna",
        "pk": 37,
        "fields": {
            "comuna": "Canela"
        }
    },
    {
        "model": "m7_python.comuna",
        "pk": 38,
        "fields": {
            "comuna": "Los Vilos"
        }
    },
    {
        "model": "m7_python.comuna",
        "pk": 39,
        "fields": {
            "comuna": "Salamanca"
        }
    },
    {
        "model": "m7_python.comuna",
        "pk": 40,
        "fields": {
            "comuna": "Ovalle"
        }
    },
    {
        "model": "m7_python.comuna",
        "pk": 41,
        "fields": {
            "comuna": "Combarbalá"
        }
    },
    {
        "model": "m7_python.comuna",
        "pk": 42,
        "fields": {
            "comuna": "Monte Patria"
        }
    },
    {
        "model": "m7_python.comuna",
        "pk": 43,
        "fields": {
            "comuna": "Punitaqui"
        }
    },
    {
        "model": "m7_python.comuna",
        "pk": 44,
        "fields": {
            "comuna": "Río Hurtado"
        }
    },
    {
        "model": "m7_python.comuna",
        "pk": 45,
        "fields": {
            "comuna": "Valparaíso"
        }
    },
    {
        "model": "m7_python.comuna",
        "pk": 46,
        "fields": {
            "comuna": "Casablanca"
        }
    },
    {
        "model": "m7_python.comuna",
        "pk": 47,
        "fields": {
            "comuna": "Concón"
        }
    },
    {
        "model": "m7_python.comuna",
        "pk": 48,
        "fields": {
            "comuna": "Juan Fernández"
        }
    },
    {
        "model": "m7_python.comuna",
        "pk": 49,
        "fields": {
            "comuna": "Puchuncaví"
        }
    },
    {
        "model": "m7_python.comuna",
        "pk": 50,
        "fields": {
            "comuna": "Quintero"
        }
    },
    {
        "model": "m7_python.comuna",
        "pk": 51,
        "fields": {
            "comuna": "Viña del Mar"
        }
    },
    {
        "model": "m7_python.comuna",
        "pk": 52,
        "fields": {
            "comuna": "Isla de Pascua"
        }
    },
    {
        "model": "m7_python.comuna",
        "pk": 53,
        "fields": {
            "comuna": "Los Andes"
        }
    },
    {
        "model": "m7_python.comuna",
        "pk": 54,
        "fields": {
            "comuna": "Calle Larga"
        }
    },
    {
        "model": "m7_python.comuna",
        "pk": 55,
        "fields": {
            "comuna": "Rinconada"
        }
    },
    {
        "model": "m7_python.comuna",
        "pk": 56,
        "fields": {
            "comuna": "San Esteban"
        }
    },
    {
        "model": "m7_python.comuna",
        "pk": 57,
        "fields": {
            "comuna": "La Ligua"
        }
    },
    {
        "model": "m7_python.comuna",
        "pk": 58,
        "fields": {
            "comuna": "Cabildo"
        }
    },
    {
        "model": "m7_python.comuna",
        "pk": 59,
        "fields": {
            "comuna": "Papudo"
        }
    },
    {
        "model": "m7_python.comuna",
        "pk": 60,
        "fields": {
            "comuna": "Petorca"
        }
    },
    {
        "model": "m7_python.comuna",
        "pk": 61,
        "fields": {
            "comuna": "Zapallar"
        }
    },
    {
        "model": "m7_python.comuna",
        "pk": 62,
        "fields": {
            "comuna": "Quillota"
        }
    },
    {
        "model": "m7_python.comuna",
        "pk": 63,
        "fields": {
            "comuna": "Calera"
        }
    },
    {
        "model": "m7_python.comuna",
        "pk": 64,
        "fields": {
            "comuna": "Hijuelas"
        }
    },
    {
        "model": "m7_python.comuna",
        "pk": 65,
        "fields": {
            "comuna": "La Cruz"
        }
    },
    {
        "model": "m7_python.comuna",
        "pk": 66,
        "fields": {
            "comuna": "Nogales"
        }
    },
    {
        "model": "m7_python.comuna",
        "pk": 67,
        "fields": {
            "comuna": "San Antonio"
        }
    },
    {
        "model": "m7_python.comuna",
        "pk": 68,
        "fields": {
            "comuna": "Algarrobo"
        }
    },
    {
        "model": "m7_python.comuna",
        "pk": 69,
        "fields": {
            "comuna": "Cartagena"
        }
    },
    {
        "model": "m7_python.comuna",
        "pk": 70,
        "fields": {
            "comuna": "El Quisco"
        }
    },
    {
        "model": "m7_python.comuna",
        "pk": 71,
        "fields": {
            "comuna": "El Tabo"
        }
    },
    {
        "model": "m7_python.comuna",
        "pk": 72,
        "fields": {
            "comuna": "Santo Domingo"
        }
    },
    {
        "model": "m7_python.comuna",
        "pk": 73,
        "fields": {
            "comuna": "San Felipe"
        }
    },
    {
        "model": "m7_python.comuna",
        "pk": 74,
        "fields": {
            "comuna": "Catemu"
        }
    },
    {
        "model": "m7_python.comuna",
        "pk": 75,
        "fields": {
            "comuna": "Llaillay"
        }
    },
    {
        "model": "m7_python.comuna",
        "pk": 76,
        "fields": {
            "comuna": "Panquehue"
        }
    },
    {
        "model": "m7_python.comuna",
        "pk": 77,
        "fields": {
            "comuna": "Putaendo"
        }
    },
    {
        "model": "m7_python.comuna",
        "pk": 78,
        "fields": {
            "comuna": "Santa María"
        }
    },
    {
        "model": "m7_python.comuna",
        "pk": 79,
        "fields": {
            "comuna": "Quilpué"
        }
    },
    {
        "model": "m7_python.comuna",
        "pk": 80,
        "fields": {
            "comuna": "Limache"
        }
    },
    {
        "model": "m7_python.comuna",
        "pk": 81,
        "fields": {
            "comuna": "Olmué"
        }
    },
    {
        "model": "m7_python.comuna",
        "pk": 82,
        "fields": {
            "comuna": "Villa Alemana"
        }
    },
    {
        "model": "m7_python.comuna",
        "pk": 83,
        "fields": {
            "comuna": "Rancagua"
        }
    },
    {
        "model": "m7_python.comuna",
        "pk": 84,
        "fields": {
            "comuna": "Codegua"
        }
    },
    {
        "model": "m7_python.comuna",
        "pk": 85,
        "fields": {
            "comuna": "Coinco"
        }
    },
    {
        "model": "m7_python.comuna",
        "pk": 86,
        "fields": {
            "comuna": "Coltauco"
        }
    },
    {
        "model": "m7_python.comuna",
        "pk": 87,
        "fields": {
            "comuna": "Doñihue"
        }
    },
    {
        "model": "m7_python.comuna",
        "pk": 88,
        "fields": {
            "comuna": "Graneros"
        }
    },
    {
        "model": "m7_python.comuna",
        "pk": 89,
        "fields": {
            "comuna": "Las Cabras"
        }
    },
    {
        "model": "m7_python.comuna",
        "pk": 90,
        "fields": {
            "comuna": "Machalí"
        }
    },
    {
        "model": "m7_python.comuna",
        "pk": 91,
        "fields": {
            "comuna": "Malloa"
        }
    },
    {
        "model": "m7_python.comuna",
        "pk": 92,
        "fields": {
            "comuna": "Mostazal"
        }
    },
    {
        "model": "m7_python.comuna",
        "pk": 93,
        "fields": {
            "comuna": "Olivar"
        }
    },
    {
        "model": "m7_python.comuna",
        "pk": 94,
        "fields": {
            "comuna": "Peumo"
        }
    },
    {
        "model": "m7_python.comuna",
        "pk": 95,
        "fields": {
            "comuna": "Pichidegua"
        }
    },
    {
        "model": "m7_python.comuna",
        "pk": 96,
        "fields": {
            "comuna": "Quinta de Tilcoco"
        }
    },
    {
        "model": "m7_python.comuna",
        "pk": 97,
        "fields": {
            "comuna": "Rengo"
        }
    },
    {
        "model": "m7_python.comuna",
        "pk": 98,
        "fields": {
            "comuna": "Requínoa"
        }
    },
    {
        "model": "m7_python.comuna",
        "pk": 99,
        "fields": {
            "comuna": "San Vicente"
        }
    },
    {
        "model": "m7_python.comuna",
        "pk": 100,
        "fields": {
            "comuna": "Pichilemu"
        }
    },
    {
        "model": "m7_python.comuna",
        "pk": 101,
        "fields": {
            "comuna": "La Estrella"
        }
    },
    {
        "model": "m7_python.comuna",
        "pk": 102,
        "fields": {
            "comuna": "Litueche"
        }
    },
    {
        "model": "m7_python.comuna",
        "pk": 103,
        "fields": {
            "comuna": "Marchihue"
        }
    },
    {
        "model": "m7_python.comuna",
        "pk": 104,
        "fields": {
            "comuna": "Navidad"
        }
    },
    {
        "model": "m7_python.comuna",
        "pk": 105,
        "fields": {
            "comuna": "Paredones"
        }
    },
    {
        "model": "m7_python.comuna",
        "pk": 106,
        "fields": {
            "comuna": "San Fernando"
        }
    },
    {
        "model": "m7_python.comuna",
        "pk": 107,
        "fields": {
            "comuna": "Chépica"
        }
    },
    {
        "model": "m7_python.comuna",
        "pk": 108,
        "fields": {
            "comuna": "Chimbarongo"
        }
    },
    {
        "model": "m7_python.comuna",
        "pk": 109,
        "fields": {
            "comuna": "Lolol"
        }
    },
    {
        "model": "m7_python.comuna",
        "pk": 110,
        "fields": {
            "comuna": "Nancagua"
        }
    },
    {
        "model": "m7_python.comuna",
        "pk": 111,
        "fields": {
            "comuna": "Palmilla"
        }
    },
    {
        "model": "m7_python.comuna",
        "pk": 112,
        "fields": {
            "comuna": "Peralillo"
        }
    },
    {
        "model": "m7_python.comuna",
        "pk": 113,
        "fields": {
            "comuna": "Placilla"
        }
    },
    {
        "model": "m7_python.comuna",
        "pk": 114,
        "fields": {
            "comuna": "Pumanque"
        }
    },
    {
        "model": "m7_python.comuna",
        "pk": 115,
        "fields": {
            "comuna": "Santa Cruz"
        }
    },
    {
        "model": "m7_python.comuna",
        "pk": 116,
        "fields": {
            "comuna": "Talca"
        }
    },
    {
        "model": "m7_python.comuna",
        "pk": 117,
        "fields": {
            "comuna": "Constitución"
        }
    },
    {
        "model": "m7_python.comuna",
        "pk": 118,
        "fields": {
            "comuna": "Curepto"
        }
    },
    {
        "model": "m7_python.comuna",
        "pk": 119,
        "fields": {
            "comuna": "Empedrado"
        }
    },
    {
        "model": "m7_python.comuna",
        "pk": 120,
        "fields": {
            "comuna": "Maule"
        }
    },
    {
        "model": "m7_python.comuna",
        "pk": 121,
        "fields": {
            "comuna": "Pelarco"
        }
    },
    {
        "model": "m7_python.comuna",
        "pk": 122,
        "fields": {
            "comuna": "Pencahue"
        }
    },
    {
        "model": "m7_python.comuna",
        "pk": 123,
        "fields": {
            "comuna": "Río Claro"
        }
    },
    {
        "model": "m7_python.comuna",
        "pk": 124,
        "fields": {
            "comuna": "San Clemente"
        }
    },
    {
        "model": "m7_python.comuna",
        "pk": 125,
        "fields": {
            "comuna": "San Rafael"
        }
    },
    {
        "model": "m7_python.comuna",
        "pk": 126,
        "fields": {
            "comuna": "Cauquenes"
        }
    },
    {
        "model": "m7_python.comuna",
        "pk": 127,
        "fields": {
            "comuna": "Chanco"
        }
    },
    {
        "model": "m7_python.comuna",
        "pk": 128,
        "fields": {
            "comuna": "Pelluhue"
        }
    },
    {
        "model": "m7_python.comuna",
        "pk": 129,
        "fields": {
            "comuna": "Curicó"
        }
    },
    {
        "model": "m7_python.comuna",
        "pk": 130,
        "fields": {
            "comuna": "Hualañé"
        }
    },
    {
        "model": "m7_python.comuna",
        "pk": 131,
        "fields": {
            "comuna": "Licantén"
        }
    },
    {
        "model": "m7_python.comuna",
        "pk": 132,
        "fields": {
            "comuna": "Molina"
        }
    },
    {
        "model": "m7_python.comuna",
        "pk": 133,
        "fields": {
            "comuna": "Rauco"
        }
    },
    {
        "model": "m7_python.comuna",
        "pk": 134,
        "fields": {
            "comuna": "Romeral"
        }
    },
    {
        "model": "m7_python.comuna",
        "pk": 135,
        "fields": {
            "comuna": "Sagrada Familia"
        }
    },
    {
        "model": "m7_python.comuna",
        "pk": 136,
        "fields": {
            "comuna": "Teno"
        }
    },
    {
        "model": "m7_python.comuna",
        "pk": 137,
        "fields": {
            "comuna": "Vichuquén"
        }
    },
    {
        "model": "m7_python.comuna",
        "pk": 138,
        "fields": {
            "comuna": "Linares"
        }
    },
    {
        "model": "m7_python.comuna",
        "pk": 139,
        "fields": {
            "comuna": "Colbún"
        }
    },
    {
        "model": "m7_python.comuna",
        "pk": 140,
        "fields": {
            "comuna": "Longaví"
        }
    },
    {
        "model": "m7_python.comuna",
        "pk": 141,
        "fields": {
            "comuna": "Parral"
        }
    },
    {
        "model": "m7_python.comuna",
        "pk": 142,
        "fields": {
            "comuna": "Retiro"
        }
    },
    {
        "model": "m7_python.comuna",
        "pk": 143,
        "fields": {
            "comuna": "San Javier"
        }
    },
    {
        "model": "m7_python.comuna",
        "pk": 144,
        "fields": {
            "comuna": "Villa Alegre"
        }
    },
    {
        "model": "m7_python.comuna",
        "pk": 145,
        "fields": {
            "comuna": "Yerbas Buenas"
        }
    },
    {
        "model": "m7_python.comuna",
        "pk": 146,
        "fields": {
            "comuna": "Cobquecura"
        }
    },
    {
        "model": "m7_python.comuna",
        "pk": 147,
        "fields": {
            "comuna": "Coelemu"
        }
    },
    {
        "model": "m7_python.comuna",
        "pk": 148,
        "fields": {
            "comuna": "Ninhue"
        }
    },
    {
        "model": "m7_python.comuna",
        "pk": 149,
        "fields": {
            "comuna": "Portezuelo"
        }
    },
    {
        "model": "m7_python.comuna",
        "pk": 150,
        "fields": {
            "comuna": "Quirihue"
        }
    },
    {
        "model": "m7_python.comuna",
        "pk": 151,
        "fields": {
            "comuna": "Ránquil"
        }
    },
    {
        "model": "m7_python.comuna",
        "pk": 152,
        "fields": {
            "comuna": "Treguaco"
        }
    },
    {
        "model": "m7_python.comuna",
        "pk": 153,
        "fields": {
            "comuna": "Bulnes"
        }
    },
    {
        "model": "m7_python.comuna",
        "pk": 154,
        "fields": {
            "comuna": "Chillán Viejo"
        }
    },
    {
        "model": "m7_python.comuna",
        "pk": 155,
        "fields": {
            "comuna": "Chillán"
        }
    },
    {
        "model": "m7_python.comuna",
        "pk": 156,
        "fields": {
            "comuna": "El Carmen"
        }
    },
    {
        "model": "m7_python.comuna",
        "pk": 157,
        "fields": {
            "comuna": "Pemuco"
        }
    },
    {
        "model": "m7_python.comuna",
        "pk": 158,
        "fields": {
            "comuna": "Pinto"
        }
    },
    {
        "model": "m7_python.comuna",
        "pk": 159,
        "fields": {
            "comuna": "Quillón"
        }
    },
    {
        "model": "m7_python.comuna",
        "pk": 160,
        "fields": {
            "comuna": "San Ignacio"
        }
    },
    {
        "model": "m7_python.comuna",
        "pk": 161,
        "fields": {
            "comuna": "Yungay"
        }
    },
    {
        "model": "m7_python.comuna",
        "pk": 162,
        "fields": {
            "comuna": "Coihueco"
        }
    },
    {
        "model": "m7_python.comuna",
        "pk": 163,
        "fields": {
            "comuna": "Ñiquén"
        }
    },
    {
        "model": "m7_python.comuna",
        "pk": 164,
        "fields": {
            "comuna": "San Carlos"
        }
    },
    {
        "model": "m7_python.comuna",
        "pk": 165,
        "fields": {
            "comuna": "San Fabián"
        }
    },
    {
        "model": "m7_python.comuna",
        "pk": 166,
        "fields": {
            "comuna": "San Nicolás"
        }
    },
    {
        "model": "m7_python.comuna",
        "pk": 167,
        "fields": {
            "comuna": "Concepción"
        }
    },
    {
        "model": "m7_python.comuna",
        "pk": 168,
        "fields": {
            "comuna": "Coronel"
        }
    },
    {
        "model": "m7_python.comuna",
        "pk": 169,
        "fields": {
            "comuna": "Chiguayante"
        }
    },
    {
        "model": "m7_python.comuna",
        "pk": 170,
        "fields": {
            "comuna": "Florida"
        }
    },
    {
        "model": "m7_python.comuna",
        "pk": 171,
        "fields": {
            "comuna": "Hualqui"
        }
    },
    {
        "model": "m7_python.comuna",
        "pk": 172,
        "fields": {
            "comuna": "Lota"
        }
    },
    {
        "model": "m7_python.comuna",
        "pk": 173,
        "fields": {
            "comuna": "Penco"
        }
    },
    {
        "model": "m7_python.comuna",
        "pk": 174,
        "fields": {
            "comuna": "San Pedro de la Paz"
        }
    },
    {
        "model": "m7_python.comuna",
        "pk": 175,
        "fields": {
            "comuna": "Santa Juana"
        }
    },
    {
        "model": "m7_python.comuna",
        "pk": 176,
        "fields": {
            "comuna": "Talcahuano"
        }
    },
    {
        "model": "m7_python.comuna",
        "pk": 177,
        "fields": {
            "comuna": "Tomé"
        }
    },
    {
        "model": "m7_python.comuna",
        "pk": 178,
        "fields": {
            "comuna": "Hualpén"
        }
    },
    {
        "model": "m7_python.comuna",
        "pk": 179,
        "fields": {
            "comuna": "Lebu"
        }
    },
    {
        "model": "m7_python.comuna",
        "pk": 180,
        "fields": {
            "comuna": "Arauco"
        }
    },
    {
        "model": "m7_python.comuna",
        "pk": 181,
        "fields": {
            "comuna": "Cañete"
        }
    },
    {
        "model": "m7_python.comuna",
        "pk": 182,
        "fields": {
            "comuna": "Contulmo"
        }
    },
    {
        "model": "m7_python.comuna",
        "pk": 183,
        "fields": {
            "comuna": "Curanilahue"
        }
    },
    {
        "model": "m7_python.comuna",
        "pk": 184,
        "fields": {
            "comuna": "Los Álamos"
        }
    },
    {
        "model": "m7_python.comuna",
        "pk": 185,
        "fields": {
            "comuna": "Tirúa"
        }
    },
    {
        "model": "m7_python.comuna",
        "pk": 186,
        "fields": {
            "comuna": "Los Ángeles"
        }
    },
    {
        "model": "m7_python.comuna",
        "pk": 187,
        "fields": {
            "comuna": "Antuco"
        }
    },
    {
        "model": "m7_python.comuna",
        "pk": 188,
        "fields": {
            "comuna": "Cabrero"
        }
    },
    {
        "model": "m7_python.comuna",
        "pk": 189,
        "fields": {
            "comuna": "Laja"
        }
    },
    {
        "model": "m7_python.comuna",
        "pk": 190,
        "fields": {
            "comuna": "Mulchén"
        }
    },
    {
        "model": "m7_python.comuna",
        "pk": 191,
        "fields": {
            "comuna": "Nacimiento"
        }
    },
    {
        "model": "m7_python.comuna",
        "pk": 192,
        "fields": {
            "comuna": "Negrete"
        }
    },
    {
        "model": "m7_python.comuna",
        "pk": 193,
        "fields": {
            "comuna": "Quilaco"
        }
    },
    {
        "model": "m7_python.comuna",
        "pk": 194,
        "fields": {
            "comuna": "Quilleco"
        }
    },
    {
        "model": "m7_python.comuna",
        "pk": 195,
        "fields": {
            "comuna": "San Rosendo"
        }
    },
    {
        "model": "m7_python.comuna",
        "pk": 196,
        "fields": {
            "comuna": "Santa Bárbara"
        }
    },
    {
        "model": "m7_python.comuna",
        "pk": 197,
        "fields": {
            "comuna": "Tucapel"
        }
    },
    {
        "model": "m7_python.comuna",
        "pk": 198,
        "fields": {
            "comuna": "Yumbel"
        }
    },
    {
        "model": "m7_python.comuna",
        "pk": 199,
        "fields": {
            "comuna": "Alto Biobío"
        }
    },
    {
        "model": "m7_python.comuna",
        "pk": 200,
        "fields": {
            "comuna": "Temuco"
        }
    },
    {
        "model": "m7_python.comuna",
        "pk": 201,
        "fields": {
            "comuna": "Carahue"
        }
    },
    {
        "model": "m7_python.comuna",
        "pk": 202,
        "fields": {
            "comuna": "Cunco"
        }
    },
    {
        "model": "m7_python.comuna",
        "pk": 203,
        "fields": {
            "comuna": "Curarrehue"
        }
    },
    {
        "model": "m7_python.comuna",
        "pk": 204,
        "fields": {
            "comuna": "Freire"
        }
    },
    {
        "model": "m7_python.comuna",
        "pk": 205,
        "fields": {
            "comuna": "Galvarino"
        }
    },
    {
        "model": "m7_python.comuna",
        "pk": 206,
        "fields": {
            "comuna": "Gorbea"
        }
    },
    {
        "model": "m7_python.comuna",
        "pk": 207,
        "fields": {
            "comuna": "Lautaro"
        }
    },
    {
        "model": "m7_python.comuna",
        "pk": 208,
        "fields": {
            "comuna": "Loncoche"
        }
    },
    {
        "model": "m7_python.comuna",
        "pk": 209,
        "fields": {
            "comuna": "Melipeuco"
        }
    },
    {
        "model": "m7_python.comuna",
        "pk": 210,
        "fields": {
            "comuna": "Nueva Imperial"
        }
    },
    {
        "model": "m7_python.comuna",
        "pk": 211,
        "fields": {
            "comuna": "Padre las Casas"
        }
    },
    {
        "model": "m7_python.comuna",
        "pk": 212,
        "fields": {
            "comuna": "Perquenco"
        }
    },
    {
        "model": "m7_python.comuna",
        "pk": 213,
        "fields": {
            "comuna": "Pitrufquén"
        }
    },
    {
        "model": "m7_python.comuna",
        "pk": 214,
        "fields": {
            "comuna": "Pucón"
        }
    },
    {
        "model": "m7_python.comuna",
        "pk": 215,
        "fields": {
            "comuna": "Saavedra"
        }
    },
    {
        "model": "m7_python.comuna",
        "pk": 216,
        "fields": {
            "comuna": "Teodoro Schmidt"
        }
    },
    {
        "model": "m7_python.comuna",
        "pk": 217,
        "fields": {
            "comuna": "Toltén"
        }
    },
    {
        "model": "m7_python.comuna",
        "pk": 218,
        "fields": {
            "comuna": "Vilcún"
        }
    },
    {
        "model": "m7_python.comuna",
        "pk": 219,
        "fields": {
            "comuna": "Villarrica"
        }
    },
    {
        "model": "m7_python.comuna",
        "pk": 220,
        "fields": {
            "comuna": "Cholchol"
        }
    },
    {
        "model": "m7_python.comuna",
        "pk": 221,
        "fields": {
            "comuna": "Angol"
        }
    },
    {
        "model": "m7_python.comuna",
        "pk": 222,
        "fields": {
            "comuna": "Collipulli"
        }
    },
    {
        "model": "m7_python.comuna",
        "pk": 223,
        "fields": {
            "comuna": "Curacautín"
        }
    },
    {
        "model": "m7_python.comuna",
        "pk": 224,
        "fields": {
            "comuna": "Ercilla"
        }
    },
    {
        "model": "m7_python.comuna",
        "pk": 225,
        "fields": {
            "comuna": "Lonquimay"
        }
    },
    {
        "model": "m7_python.comuna",
        "pk": 226,
        "fields": {
            "comuna": "Los Sauces"
        }
    },
    {
        "model": "m7_python.comuna",
        "pk": 227,
        "fields": {
            "comuna": "Lumaco"
        }
    },
    {
        "model": "m7_python.comuna",
        "pk": 228,
        "fields": {
            "comuna": "Purén"
        }
    },
    {
        "model": "m7_python.comuna",
        "pk": 229,
        "fields": {
            "comuna": "Renaico"
        }
    },
    {
        "model": "m7_python.comuna",
        "pk": 230,
        "fields": {
            "comuna": "Traiguén"
        }
    },
    {
        "model": "m7_python.comuna",
        "pk": 231,
        "fields": {
            "comuna": "Victoria"
        }
    },
    {
        "model": "m7_python.comuna",
        "pk": 232,
        "fields": {
            "comuna": "Valdivia"
        }
    },
    {
        "model": "m7_python.comuna",
        "pk": 233,
        "fields": {
            "comuna": "Corral"
        }
    },
    {
        "model": "m7_python.comuna",
        "pk": 234,
        "fields": {
            "comuna": "Lanco"
        }
    },
    {
        "model": "m7_python.comuna",
        "pk": 235,
        "fields": {
            "comuna": "Los Lagos"
        }
    },
    {
        "model": "m7_python.comuna",
        "pk": 236,
        "fields": {
            "comuna": "Máfil"
        }
    },
    {
        "model": "m7_python.comuna",
        "pk": 237,
        "fields": {
            "comuna": "Mariquina"
        }
    },
    {
        "model": "m7_python.comuna",
        "pk": 238,
        "fields": {
            "comuna": "Paillaco"
        }
    },
    {
        "model": "m7_python.comuna",
        "pk": 239,
        "fields": {
            "comuna": "Panguipulli"
        }
    },
    {
        "model": "m7_python.comuna",
        "pk": 240,
        "fields": {
            "comuna": "La Unión"
        }
    },
    {
        "model": "m7_python.comuna",
        "pk": 241,
        "fields": {
            "comuna": "Futrono"
        }
    },
    {
        "model": "m7_python.comuna",
        "pk": 242,
        "fields": {
            "comuna": "Lago Ranco"
        }
    },
    {
        "model": "m7_python.comuna",
        "pk": 243,
        "fields": {
            "comuna": "Río Bueno"
        }
    },
    {
        "model": "m7_python.comuna",
        "pk": 244,
        "fields": {
            "comuna": "Puerto Montt"
        }
    },
    {
        "model": "m7_python.comuna",
        "pk": 245,
        "fields": {
            "comuna": "Calbuco"
        }
    },
    {
        "model": "m7_python.comuna",
        "pk": 246,
        "fields": {
            "comuna": "Cochamó"
        }
    },
    {
        "model": "m7_python.comuna",
        "pk": 247,
        "fields": {
            "comuna": "Fresia"
        }
    },
    {
        "model": "m7_python.comuna",
        "pk": 248,
        "fields": {
            "comuna": "Frutillar"
        }
    },
    {
        "model": "m7_python.comuna",
        "pk": 249,
        "fields": {
            "comuna": "Los Muermos"
        }
    },
    {
        "model": "m7_python.comuna",
        "pk": 250,
        "fields": {
            "comuna": "Llanquihue"
        }
    },
    {
        "model": "m7_python.comuna",
        "pk": 251,
        "fields": {
            "comuna": "Maullín"
        }
    },
    {
        "model": "m7_python.comuna",
        "pk": 252,
        "fields": {
            "comuna": "Puerto Varas"
        }
    },
    {
        "model": "m7_python.comuna",
        "pk": 253,
        "fields": {
            "comuna": "Castro"
        }
    },
    {
        "model": "m7_python.comuna",
        "pk": 254,
        "fields": {
            "comuna": "Ancud"
        }
    },
    {
        "model": "m7_python.comuna",
        "pk": 255,
        "fields": {
            "comuna": "Chonchi"
        }
    },
    {
        "model": "m7_python.comuna",
        "pk": 256,
        "fields": {
            "comuna": "Curaco de Vélez"
        }
    },
    {
        "model": "m7_python.comuna",
        "pk": 257,
        "fields": {
            "comuna": "Dalcahue"
        }
    },
    {
        "model": "m7_python.comuna",
        "pk": 258,
        "fields": {
            "comuna": "Puqueldón"
        }
    },
    {
        "model": "m7_python.comuna",
        "pk": 259,
        "fields": {
            "comuna": "Queilén"
        }
    },
    {
        "model": "m7_python.comuna",
        "pk": 260,
        "fields": {
            "comuna": "Quellón"
        }
    },
    {
        "model": "m7_python.comuna",
        "pk": 261,
        "fields": {
            "comuna": "Quemchi"
        }
    },
    {
        "model": "m7_python.comuna",
        "pk": 262,
        "fields": {
            "comuna": "Quinchao"
        }
    },
    {
        "model": "m7_python.comuna",
        "pk": 263,
        "fields": {
            "comuna": "Osorno"
        }
    },
    {
        "model": "m7_python.comuna",
        "pk": 264,
        "fields": {
            "comuna": "Puerto Octay"
        }
    },
    {
        "model": "m7_python.comuna",
        "pk": 265,
        "fields": {
            "comuna": "Purranque"
        }
    },
    {
        "model": "m7_python.comuna",
        "pk": 266,
        "fields": {
            "comuna": "Puyehue"
        }
    },
    {
        "model": "m7_python.comuna",
        "pk": 267,
        "fields": {
            "comuna": "Río Negro"
        }
    },
    {
        "model": "m7_python.comuna",
        "pk": 268,
        "fields": {
            "comuna": "San Juan de la Costa"
        }
    },
    {
        "model": "m7_python.comuna",
        "pk": 269,
        "fields": {
            "comuna": "San Pablo"
        }
    },
    {
        "model": "m7_python.comuna",
        "pk": 270,
        "fields": {
            "comuna": "Chaitén"
        }
    },
    {
        "model": "m7_python.comuna",
        "pk": 271,
        "fields": {
            "comuna": "Futaleufú"
        }
    },
    {
        "model": "m7_python.comuna",
        "pk": 272,
        "fields": {
            "comuna": "Hualaihué"
        }
    },
    {
        "model": "m7_python.comuna",
        "pk": 273,
        "fields": {
            "comuna": "Palena"
        }
    },
    {
        "model": "m7_python.comuna",
        "pk": 274,
        "fields": {
            "comuna": "Coihaique"
        }
    },
    {
        "model": "m7_python.comuna",
        "pk": 275,
        "fields": {
            "comuna": "Lago Verde"
        }
    },
    {
        "model": "m7_python.comuna",
        "pk": 276,
        "fields": {
            "comuna": "Aisén"
        }
    },
    {
        "model": "m7_python.comuna",
        "pk": 277,
        "fields": {
            "comuna": "Cisnes"
        }
    },
    {
        "model": "m7_python.comuna",
        "pk": 278,
        "fields": {
            "comuna": "Guaitecas"
        }
    },
    {
        "model": "m7_python.comuna",
        "pk": 279,
        "fields": {
            "comuna": "Cochrane"
        }
    },
    {
        "model": "m7_python.comuna",
        "pk": 280,
        "fields": {
            "comuna": "O'Higgins"
        }
    },
    {
        "model": "m7_python.comuna",
        "pk": 281,
        "fields": {
            "comuna": "Tortel"
        }
    },
    {
        "model": "m7_python.comuna",
        "pk": 282,
        "fields": {
            "comuna": "Chile Chico"
        }
    },
    {
        "model": "m7_python.comuna",
        "pk": 283,
        "fields": {
            "comuna": "Río Ibáñez"
        }
    },
    {
        "model": "m7_python.comuna",
        "pk": 284,
        "fields": {
            "comuna": "Punta Arenas"
        }
    },
    {
        "model": "m7_python.comuna",
        "pk": 285,
        "fields": {
            "comuna": "Laguna Blanca"
        }
    },
    {
        "model": "m7_python.comuna",
        "pk": 286,
        "fields": {
            "comuna": "Río Verde"
        }
    },
    {
        "model": "m7_python.comuna",
        "pk": 287,
        "fields": {
            "comuna": "San Gregorio"
        }
    },
    {
        "model": "m7_python.comuna",
        "pk": 288,
        "fields": {
            "comuna": "Cabo de Hornos (Ex Navarino)"
        }
    },
    {
        "model": "m7_python.comuna",
        "pk": 289,
        "fields": {
            "comuna": "Antártica"
        }
    },
    {
        "model": "m7_python.comuna",
        "pk": 290,
        "fields": {
            "comuna": "Porvenir"
        }
    },
    {
        "model": "m7_python.comuna",
        "pk": 291,
        "fields": {
            "comuna": "Primavera"
        }
    },
    {
        "model": "m7_python.comuna",
        "pk": 292,
        "fields": {
            "comuna": "Timaukel"
        }
    },
    {
        "model": "m7_python.comuna",
        "pk": 293,
        "fields": {
            "comuna": "Natales"
        }
    },
    {
        "model": "m7_python.comuna",
        "pk": 294,
        "fields": {
            "comuna": "Torres del Paine"
        }
    },
    {
        "model": "m7_python.comuna",
        "pk": 295,
        "fields": {
            "comuna": "Cerrillos"
        }
    },
    {
        "model": "m7_python.comuna",
        "pk": 296,
        "fields": {
            "comuna": "Cerro Navia"
        }
    },
    {
        "model": "m7_python.comuna",
        "pk": 297,
        "fields": {
            "comuna": "Conchalí"
        }
    },
    {
        "model": "m7_python.comuna",
        "pk": 298,
        "fields": {
            "comuna": "El Bosque"
        }
    },
    {
        "model": "m7_python.comuna",
        "pk": 299,
        "fields": {
            "comuna": "Estación Central"
        }
    },
    {
        "model": "m7_python.comuna",
        "pk": 300,
        "fields": {
            "comuna": "Huechuraba"
        }
    },
    {
        "model": "m7_python.comuna",
        "pk": 301,
        "fields": {
            "comuna": "Independencia"
        }
    },
    {
        "model": "m7_python.comuna",
        "pk": 302,
        "fields": {
            "comuna": "La Cisterna"
        }
    },
    {
        "model": "m7_python.comuna",
        "pk": 303,
        "fields": {
            "comuna": "La Florida"
        }
    },
    {
        "model": "m7_python.comuna",
        "pk": 304,
        "fields": {
            "comuna": "La Granja"
        }
    },
    {
        "model": "m7_python.comuna",
        "pk": 305,
        "fields": {
            "comuna": "La Pintana"
        }
    },
    {
        "model": "m7_python.comuna",
        "pk": 306,
        "fields": {
            "comuna": "La Reina"
        }
    },
    {
        "model": "m7_python.comuna",
        "pk": 307,
        "fields": {
            "comuna": "Las Condes"
        }
    },
    {
        "model": "m7_python.comuna",
        "pk": 308,
        "fields": {
            "comuna": "Lo Barnechea"
        }
    },
    {
        "model": "m7_python.comuna",
        "pk": 309,
        "fields": {
            "comuna": "Lo Espejo"
        }
    },
    {
        "model": "m7_python.comuna",
        "pk": 310,
        "fields": {
            "comuna": "Lo Prado"
        }
    },
    {
        "model": "m7_python.comuna",
        "pk": 311,
        "fields": {
            "comuna": "Macul"
        }
    },
    {
        "model": "m7_python.comuna",
        "pk": 312,
        "fields": {
            "comuna": "Maipú"
        }
    },
    {
        "model": "m7_python.comuna",
        "pk": 313,
        "fields": {
            "comuna": "Ñuñoa"
        }
    },
    {
        "model": "m7_python.comuna",
        "pk": 314,
        "fields": {
            "comuna": "Pedro Aguirre Cerda"
        }
    },
    {
        "model": "m7_python.comuna",
        "pk": 315,
        "fields": {
            "comuna": "Peñalolén"
        }
    },
    {
        "model": "m7_python.comuna",
        "pk": 316,
        "fields": {
            "comuna": "Providencia"
        }
    },
    {
        "model": "m7_python.comuna",
        "pk": 317,
        "fields": {
            "comuna": "Pudahuel"
        }
    },
    {
        "model": "m7_python.comuna",
        "pk": 318,
        "fields": {
            "comuna": "Quilicura"
        }
    },
    {
        "model": "m7_python.comuna",
        "pk": 319,
        "fields": {
            "comuna": "Quinta Normal"
        }
    },
    {
        "model": "m7_python.comuna",
        "pk": 320,
        "fields": {
            "comuna": "Recoleta"
        }
    },
    {
        "model": "m7_python.comuna",
        "pk": 321,
        "fields": {
            "comuna": "Renca"
        }
    },
    {
        "model": "m7_python.comuna",
        "pk": 322,
        "fields": {
            "comuna": "Santiago"
        }
    },
    {
        "model": "m7_python.comuna",
        "pk": 323,
        "fields": {
            "comuna": "San Joaquín"
        }
    },
    {
        "model": "m7_python.comuna",
        "pk": 324,
        "fields": {
            "comuna": "San Miguel"
        }
    },
    {
        "model": "m7_python.comuna",
        "pk": 325,
        "fields": {
            "comuna": "San Ramón"
        }
    },
    {
        "model": "m7_python.comuna",
        "pk": 326,
        "fields": {
            "comuna": "Vitacura"
        }
    },
    {
        "model": "m7_python.comuna",
        "pk": 327,
        "fields": {
            "comuna": "Puente Alto"
        }
    },
    {
        "model": "m7_python.comuna",
        "pk": 328,
        "fields": {
            "comuna": "Pirque"
        }
    },
    {
        "model": "m7_python.comuna",
        "pk": 329,
        "fields": {
            "comuna": "San José de Maipo"
        }
    },
    {
        "model": "m7_python.comuna",
        "pk": 330,
        "fields": {
            "comuna": "Colina"
        }
    },
    {
        "model": "m7_python.comuna",
        "pk": 331,
        "fields": {
            "comuna": "Lampa"
        }
    },
    {
        "model": "m7_python.comuna",
        "pk": 332,
        "fields": {
            "comuna": "Tiltil"
        }
    },
    {
        "model": "m7_python.comuna",
        "pk": 333,
        "fields": {
            "comuna": "San Bernardo"
        }
    },
    {
        "model": "m7_python.comuna",
        "pk": 334,
        "fields": {
            "comuna": "Buin"
        }
    },
    {
        "model": "m7_python.comuna",
        "pk": 335,
        "fields": {
            "comuna": "Calera de Tango"
        }
    },
    {
        "model": "m7_python.comuna",
        "pk": 336,
        "fields": {
            "comuna": "Paine"
        }
    },
    {
        "model": "m7_python.comuna",
        "pk": 337,
        "fields": {
            "comuna": "Melipilla"
        }
    },
    {
        "model": "m7_python.comuna",
        "pk": 338,
        "fields": {
            "comuna": "Alhué"
        }
    },
    {
        "model": "m7_python.comuna",
        "pk": 339,
        "fields": {
            "comuna": "Curacaví"
        }
    },
    {
        "model": "m7_python.comuna",
        "pk": 340,
        "fields": {
            "comuna": "María Pinto"
        }
    },
    {
        "model": "m7_python.comuna",
        "pk": 341,
        "fields": {
            "comuna": "San Pedro"
        }
    },
    {
        "model": "m7_python.comuna",
        "pk": 342,
        "fields": {
            "comuna": "Talagante"
        }
    },
    {
        "model": "m7_python.comuna",
        "pk": 343,
        "fields": {
            "comuna": "El Monte"
        }
    },
    {
        "model": "m7_python.comuna",
        "pk": 344,
        "fields": {
            "comuna": "Isla de Maipo"
        }
    },
    {
        "model": "m7_python.comuna",
        "pk": 345,
        "fields": {
            "comuna": "Padre Hurtado"
        }
    },
    {
        "model": "m7_python.comuna",
        "pk": 346,
        "fields": {
            "comuna": "Peñaflor"
        }
    }
]