[
    {
        "model": "m7_python.region",
        "pk": 1,
        "fields": {
            "region": "Arica y Parinacota"
        }
    },
    {
        "model": "m7_python.region",
        "pk": 2,
        "fields": {
            "region": "Tarapacá"
        }
    },
    {
        "model": "m7_python.region",
        "pk": 3,
        "fields": {
            "region": "Antofagasta"
        }
    },
    {
        "model": "m7_python.region",
        "pk": 4,
        "fields": {
            "region": "Atacama"
        }
    },
    {
        "model": "m7_python.region",
        "pk": 5,
        "fields": {
            "region": "Coquimbo"
        }
    },
    {
        "model": "m7_python.region",
        "pk": 6,
        "fields": {
            "region": "Valparaíso"
        }
    },
    {
        "model": "m7_python.region",
        "pk": 7,
        "fields": {
            "region": "Región del Libertador Gral. Bernardo O'Higgins"
        }
    },
    {
        "model": "m7_python.region",
        "pk": 8,
        "fields": {
            "region": "Región del Maule"
        }
    },
    {
        "model": "m7_python.region",
        "pk": 9,
        "fields": {
            "region": "Región de Ñuble"
        }
    },
    {
        "model": "m7_python.region",
        "pk": 10,
        "fields": {
            "region": "Región del Biobío"
        }
    },
    {
        "model": "m7_python.region",
        "pk": 11,
        "fields": {
            "region": "Región de la Araucanía"
        }
    },
    {
        "model": "m7_python.region",
        "pk": 12,
        "fields": {
            "region": "Región de Los Ríos"
        }
    },
    {
        "model": "m7_python.region",
        "pk": 13,
        "fields": {
            "region": "Región de Los Lagos"
        }
    },
    {
        "model": "m7_python.region",
        "pk": 14,
        "fields": {
            "region": "Región Aisén del Gral. Carlos Ibáñez del Campo"
        }
    },
    {
        "model": "m7_python.region",
        "pk": 15,
        "fields": {
            "region": "Región de Magallanes y de la Antártica Chilena"
        }
    },
    {
        "model": "m7_python.region",
        "pk": 16,
        "fields": {
            "region": "Región Metropolitana de Santiago"
        }
    }
]